<?xml version="1.0" encoding="UTF-8"?>
<odoo>

    <!-- for demo data we add aliquots to the perceptions applied and suffered -->

    <record id="l10n_ar.ri_tax_percepcion_iva_aplicada" model="account.tax.template">
        <field eval="0.1" name="amount"/>
    </record>

    <record id="l10n_ar.ri_tax_percepcion_ganancias_aplicada" model="account.tax.template">
        <field eval="0.1" name="amount"/>
    </record>

    <record id="l10n_ar.ri_tax_percepcion_ganancias_sufrida" model="account.tax.template">
        <field eval="0.1" name="amount"/>
    </record>

    <record id="l10n_ar.ri_tax_percepcion_iibb_caba_sufrida" model="account.tax.template">
        <field eval="0.1" name="amount"/>
    </record>

    <record id="l10n_ar.ri_tax_percepcion_iibb_aplicada" model="account.tax.template">
        <field eval="0.1" name="amount"/>
    </record>

    <record id="l10n_ar.ri_tax_percepcion_iva_sufrida" model="account.tax.template">
        <field eval="0.1" name="amount"/>
    </record>

</odoo>
