<?xml version="1.0" encoding="utf-8"?>
<odoo noupdate="True">

    <!-- Create draft refund for invoice 3 -->
    <record id="demo_sup_refund_invoice_3" model="account.move.reversal">
        <field name="reason">Mercadería defectuosa</field>
        <field name="refund_method">refund</field>
        <field name="l10n_latam_document_number">0001-01234567</field>
        <field name="move_id" ref="demo_sup_invoice_3"/>
    </record>

        <function model="account.move.reversal" name="_onchange_move_id"
           eval="[ref('demo_sup_refund_invoice_3')]" context="{'active_ids': [ref('demo_sup_invoice_3')], 'active_model': 'account.move'}"/>

        <function model="account.move.reversal" name="reverse_moves"
           eval="[ref('demo_sup_refund_invoice_3')]" context="{'active_ids': [ref('demo_sup_invoice_3')], 'active_model': 'account.move'}"/>

    <!-- Create draft refund for invoice 4 -->
    <record id="demo_sup_refund_invoice_4" model="account.move.reversal">
        <field name="reason">Venta cancelada</field>
        <field name="l10n_latam_document_number">0001-01234566</field>
        <field name="refund_method">cancel</field>
        <field name="move_id" ref="demo_sup_invoice_4"/>
    </record>

        <function model="account.move.reversal" name="_onchange_move_id"
           eval="[ref('demo_sup_refund_invoice_4')]" context="{'active_ids': [ref('demo_sup_invoice_4')], 'active_model': 'account.move'}"/>

        <function model="account.move.reversal" name="reverse_moves"
           eval="[ref('demo_sup_refund_invoice_4')]" context="{'active_ids': [ref('demo_sup_invoice_4')], 'active_model': 'account.move'}"/>

</odoo>
