<?xml version='1.0' encoding='utf-8'?>
<odoo>
    <record id="digest_tip_sale_expense_0" model="digest.tip">
        <field name="sequence">5</field>
        <field name="group_id" ref="sales_team.group_sale_salesman_all_leads"/>
        <field name="tip_description" type="html">
<div>
    <strong style="font-size: 16px;">Submit expenses by email</strong>
    <div style="font-size: 14px;">Take a snapshot of your expenses and submit your expenses by email.<br/>
        <div style="text-align:center;margin-top:5px;margin-bottom:10px;">
            <a href="/web#action=hr_expense.action_hr_expense_configuration" style="background-color:#56b3b5;padding:10px;text-decoration:none;color:#FFFFFF;border-radius:5px;font-size:12px;">Activate Expense Emails</a>
        </div>
    </div>
</div>
        </field>
    </record>
</odoo>
