<?xml version="1.0" encoding="utf-8"?>
<odoo>

    <data>
        <record id="l10n_chart_china_standard_business" model="account.chart.template">
            <field name="property_account_receivable_id" ref="account_1122" />
            <field name="property_account_payable_id" ref="account_2202" />
            <field name="property_account_expense_categ_id" ref="account_6401" />
            <field name="property_account_income_categ_id" ref="account_6001" />
            <field name="income_currency_exchange_account_id" ref="account_6061" />
            <field name="expense_currency_exchange_account_id" ref="account_6061" />
            <field name="default_pos_receivable_account_id" ref="account_1124" />
        </record>
    </data>

    <data noupdate="1">
        <function model="account.chart.template" name="try_loading">
            <value eval="[ref('l10n_cn_standard.l10n_chart_china_standard_business')]"/>
        </function>
    </data>
</odoo>
