id,position_id/id,tax_src_id/id,tax_dest_id/id
fp_inclusive_tax_template_in_10,fiscal_position_tax_inclusive_template,tax_in_e_10,tax_in_i_10
fp_inclusive_tax_template_out_10,fiscal_position_tax_inclusive_template,tax_out_e_10,tax_out_i_10
fp_inclusive_tax_template_in,fiscal_position_tax_inclusive_template,tax_in_e,tax_in_i
fp_inclusive_tax_template_out,fiscal_position_tax_inclusive_template,tax_out_e,tax_out_i
fp_exclusive_tax_template_in_10,fiscal_position_tax_exclusive_template,tax_in_i_10,tax_in_e_10
fp_exclusive_tax_template_out_10,fiscal_position_tax_exclusive_template,tax_out_i_10,tax_out_e_10
fp_exclusive_tax_template_in,fiscal_position_tax_exclusive_template,tax_in_i,tax_in_e
fp_exclusive_tax_template_out,fiscal_position_tax_exclusive_template,tax_out_i,tax_out_e
fp_exepmt_tax_template_in_10,fiscal_position_tax_exempt_template,tax_in_e_10,tax_in_x
fp_exepmt_tax_template_in_i_10,fiscal_position_tax_exempt_template,tax_in_i_10,tax_in_x
fp_exepmt_tax_template_out_10,fiscal_position_tax_exempt_template,tax_out_e_10,tax_out_im
fp_exepmt_tax_template_out_i_10,fiscal_position_tax_exempt_template,tax_out_i_10,tax_out_im
fp_exepmt_tax_template_in,fiscal_position_tax_exempt_template,tax_in_e,tax_in_x
fp_exepmt_tax_template_in_i,fiscal_position_tax_exempt_template,tax_in_i,tax_in_x
fp_exepmt_tax_template_out,fiscal_position_tax_exempt_template,tax_out_e,tax_out_im
fp_exepmt_tax_template_out_i,fiscal_position_tax_exempt_template,tax_out_i,tax_out_im
fp_reduction_tax_template_in_e,fiscal_position_tax_reduction_template,tax_in_e_10,tax_in_e
fp_reduction_tax_template_in_i,fiscal_position_tax_reduction_template,tax_in_i_10,tax_in_i
fp_reduction_tax_template_out_e,fiscal_position_tax_reduction_template,tax_out_e_10,tax_out_e
fp_reduction_tax_template_out_i,fiscal_position_tax_reduction_template,tax_out_i_10,tax_out_i
