<?xml version="1.0" encoding="utf-8"?>
<odoo>
    <!-- Chart Template -->

    <record id="hungarian_chart_template" model="account.chart.template">
        <field name="property_account_receivable_id" ref="chart_hu_311"/>
        <field name="property_account_payable_id" ref="chart_hu_4541"/>
        <field name="property_account_expense_id" ref="chart_hu_81"/>
        <field name="property_account_income_id" ref="chart_hu_911"/>
        <field name="property_account_expense_categ_id" ref="chart_hu_81"/>
        <field name="property_account_income_categ_id" ref="chart_hu_911"/>
        <field name="income_currency_exchange_account_id" ref="chart_hu_977"/>
        <field name="expense_currency_exchange_account_id" ref="chart_hu_876"/>
        <field name="default_pos_receivable_account_id" ref="chart_hu_312" />
    </record>
</odoo>
