<?xml version="1.0" encoding="utf-8"?>
<odoo>

    <record id="tax_report_alap" model="account.tax.report.line">
        <field name="name">ÁFA alap</field>
        <field name="sequence" eval="1"/>
        <field name="country_id" ref="base.hu"/>
    </record>

    <record id="tax_report_alap_fiz_export" model="account.tax.report.line">
        <field name="name">Adóalap - Fizetendő ÁFA Export</field>
        <field name="tag_name">Adóalap - Fizetendő ÁFA Export</field>
        <field name="sequence" eval="1"/>
        <field name="parent_id" ref="tax_report_alap"/>
        <field name="country_id" ref="base.hu"/>
    </record>

    <record id="tax_report_alap_fiz_eu" model="account.tax.report.line">
        <field name="name">Adóalap - Fizetendő ÁFA EU</field>
        <field name="tag_name">Adóalap - Fizetendő ÁFA EU</field>
        <field name="sequence" eval="2"/>
        <field name="parent_id" ref="tax_report_alap"/>
        <field name="country_id" ref="base.hu"/>
    </record>

    <record id="tax_report_alap_fiz_targyi" model="account.tax.report.line">
        <field name="name">Adóalap - Fizetendő ÁFA tárgyi adómentes</field>
        <field name="tag_name">Adóalap - Fizetendő ÁFA tárgyi adómentes</field>
        <field name="sequence" eval="3"/>
        <field name="parent_id" ref="tax_report_alap"/>
        <field name="country_id" ref="base.hu"/>
    </record>

    <record id="tax_report_alap_fiz_alanyi" model="account.tax.report.line">
        <field name="name">Adóalap - Fizetendő ÁFA alanyi adómentes</field>
        <field name="tag_name">Adóalap - Fizetendő ÁFA alanyi adómentes</field>
        <field name="sequence" eval="4"/>
        <field name="parent_id" ref="tax_report_alap"/>
        <field name="country_id" ref="base.hu"/>
    </record>

    <record id="tax_report_alap_fiz_afa_5" model="account.tax.report.line">
        <field name="name">Adóalap - Fizetendő ÁFA 5%</field>
        <field name="tag_name">Adóalap - Fizetendő ÁFA 5%</field>
        <field name="sequence" eval="5"/>
        <field name="parent_id" ref="tax_report_alap"/>
        <field name="country_id" ref="base.hu"/>
    </record>

    <record id="tax_report_alap_fiz_afa_18" model="account.tax.report.line">
        <field name="name">Adóalap - Fizetendő ÁFA 18%</field>
        <field name="tag_name">Adóalap - Fizetendő ÁFA 18%</field>
        <field name="sequence" eval="6"/>
        <field name="parent_id" ref="tax_report_alap"/>
        <field name="country_id" ref="base.hu"/>
    </record>

    <record id="tax_report_alap_fiz_afa_27" model="account.tax.report.line">
        <field name="name">Adóalap - Fizetendő ÁFA 27%</field>
        <field name="tag_name">Adóalap - Fizetendő ÁFA 27%</field>
        <field name="sequence" eval="7"/>
        <field name="parent_id" ref="tax_report_alap"/>
        <field name="country_id" ref="base.hu"/>
    </record>

    <record id="tax_report_alap_viss" model="account.tax.report.line">
        <field name="name">Adóalap - Visszaigényelhető ÁFA EU</field>
        <field name="tag_name">Adóalap - Visszaigényelhető ÁFA EU</field>
        <field name="sequence" eval="8"/>
        <field name="parent_id" ref="tax_report_alap"/>
        <field name="country_id" ref="base.hu"/>
    </record>

    <record id="tax_report_alap_import" model="account.tax.report.line">
        <field name="name">Adóalap – Import ÁFA</field>
        <field name="tag_name">Adóalap – Import ÁFA</field>
        <field name="sequence" eval="9"/>
        <field name="parent_id" ref="tax_report_alap"/>
        <field name="country_id" ref="base.hu"/>
    </record>

    <record id="tax_report_alap_forditott" model="account.tax.report.line">
        <field name="name">Adóalap – Fordított ÁFA</field>
        <field name="tag_name">Adóalap – Fordított ÁFA</field>
        <field name="sequence" eval="10"/>
        <field name="parent_id" ref="tax_report_alap"/>
        <field name="country_id" ref="base.hu"/>
    </record>

    <record id="tax_report_alap_viss_alanyi" model="account.tax.report.line">
        <field name="name">Adóalap - Visszaigényelhető ÁFA alanyi adómentes</field>
        <field name="tag_name">Adóalap - Visszaigényelhető ÁFA alanyi adómentes</field>
        <field name="sequence" eval="11"/>
        <field name="parent_id" ref="tax_report_alap"/>
        <field name="country_id" ref="base.hu"/>
    </record>

    <record id="tax_report_alap_viss_targyi" model="account.tax.report.line">
        <field name="name">Adóalap - Visszaigényelhető ÁFA tárgyi adómentes</field>
        <field name="tag_name">Adóalap - Visszaigényelhető ÁFA tárgyi adómentes</field>
        <field name="sequence" eval="12"/>
        <field name="parent_id" ref="tax_report_alap"/>
        <field name="country_id" ref="base.hu"/>
    </record>

    <record id="tax_report_alap_viss_5" model="account.tax.report.line">
        <field name="name">Adóalap - Visszaigényelhető ÁFA 5%</field>
        <field name="tag_name">Adóalap - Visszaigényelhető ÁFA 5%</field>
        <field name="sequence" eval="13"/>
        <field name="parent_id" ref="tax_report_alap"/>
        <field name="country_id" ref="base.hu"/>
    </record>

    <record id="tax_report_alap_viss_18" model="account.tax.report.line">
        <field name="name">Adóalap - Visszaigényelhető ÁFA 18%</field>
        <field name="tag_name">Adóalap - Visszaigényelhető ÁFA 18%</field>
        <field name="sequence" eval="14"/>
        <field name="parent_id" ref="tax_report_alap"/>
        <field name="country_id" ref="base.hu"/>
    </record>

    <record id="tax_report_alap_viss_27" model="account.tax.report.line">
        <field name="name">Adóalap - Visszaigényelhető ÁFA 27%</field>
        <field name="tag_name">Adóalap - Visszaigényelhető ÁFA 27%</field>
        <field name="sequence" eval="15"/>
        <field name="parent_id" ref="tax_report_alap"/>
        <field name="country_id" ref="base.hu"/>
    </record>

    <record id="tax_report_fizetndo" model="account.tax.report.line">
        <field name="name">ÁFA fizetndő / visszaigényelhető</field>
        <field name="sequence" eval="2"/>
        <field name="country_id" ref="base.hu"/>
    </record>

    <record id="tax_report_fizetndo_5" model="account.tax.report.line">
        <field name="name">Fizetendő ÁFA 5%</field>
        <field name="tag_name">Fizetendő ÁFA 5%</field>
        <field name="sequence" eval="1"/>
        <field name="parent_id" ref="tax_report_fizetndo"/>
        <field name="country_id" ref="base.hu"/>
    </record>

    <record id="tax_report_fizetndo_18" model="account.tax.report.line">
        <field name="name">Fizetendő ÁFA 18%</field>
        <field name="tag_name">Fizetendő ÁFA 18%</field>
        <field name="sequence" eval="2"/>
        <field name="parent_id" ref="tax_report_fizetndo"/>
        <field name="country_id" ref="base.hu"/>
    </record>

    <record id="tax_report_fizetndo_27" model="account.tax.report.line">
        <field name="name">Fizetendő ÁFA 27%</field>
        <field name="tag_name">Fizetendő ÁFA 27%</field>
        <field name="sequence" eval="3"/>
        <field name="parent_id" ref="tax_report_fizetndo"/>
        <field name="country_id" ref="base.hu"/>
    </record>

    <record id="tax_report_fizetndo_viss_5" model="account.tax.report.line">
        <field name="name">Visszaigényelhető ÁFA 5%</field>
        <field name="tag_name">Visszaigényelhető ÁFA 5%</field>
        <field name="sequence" eval="4"/>
        <field name="parent_id" ref="tax_report_fizetndo"/>
        <field name="country_id" ref="base.hu"/>
    </record>

    <record id="tax_report_fizetndo_viss_18" model="account.tax.report.line">
        <field name="name">Visszaigényelhető ÁFA 18%</field>
        <field name="tag_name">Visszaigényelhető ÁFA 18%</field>
        <field name="sequence" eval="5"/>
        <field name="parent_id" ref="tax_report_fizetndo"/>
        <field name="country_id" ref="base.hu"/>
    </record>

    <record id="tax_report_fizetndo_viss_27" model="account.tax.report.line">
        <field name="name">Visszaigényelhető ÁFA 27%</field>
        <field name="tag_name">Visszaigényelhető ÁFA 27%</field>
        <field name="sequence" eval="6"/>
        <field name="parent_id" ref="tax_report_fizetndo"/>
        <field name="country_id" ref="base.hu"/>
    </record>

</odoo>
