"id","name","bic","country/id","zip","city","street","email","phone"
"BKCHHUHBXXX","Bank of China (Hungária) Hitelintézet Rt.","BKCHHUHBXXX","base.hu",1051,"Budapest","József Nádor tér 7.","service_hu@bank-of-china.com","+3614299200"
"BNPAHUHX","BNP Paribas Hungária Bank Rt.","BNPAHUHX","base.hu",1051,"Budapest","Széchenyi István  tér 7-8.",
"BUDAHUHB","Budapest Hitel- és Fejlesztési Bank Rt.","BUDAHUHB","base.hu",1138,"Budapest","Váci út 188."," info@budapestbank.hu","+3614506060"
"CIBHHUHB","CIB Közép-Európai Nemzetközi Bank Zrt.","CIBHHUHB","base.hu",1027,"Budapest","Medve utca 4-14.","cib@cib.hu","+3614231000"
"CITIHUHX","Citibank Rt.","CITIHUHX","base.hu",1051,"Budapest","Szabadság tér 7.",,"+3613745000"
"COBAHUHX","Commerzbank Zártkörűen Működő Rt.","COBAHUHX","base.hu",1054,"Budapest","Széchenyi  rakpart 8.","info.budapest@commerzbank.com","+3613748100"
"DEUTHU2B","Deutsche Bank Zártkörűen Működő Rt.","DEUTHU2B","base.hu",1054,"Budapest","Hold utca 27.","db.hungary@db.com","+3613013700"
"GIBAHUHB","ERSTE Bank Hungary Zrt.","GIBAHUHB","base.hu",1138,"Budapest","Népfürdő u. 24-26.","erste@erstebank.hu","+3640222221",
"FHKBHUHB","FHB Kereskedelmi Bank Zrt.","FHKBHUHB","base.hu",1082,"Budapest","Üllői út 48."," info@fhb.hu","+3614529100"
"GNBAHUHB","Gránit Bank Zrt.","GNBAHUHB","base.hu",1095,"Budapest","Lechner Ödön fasor 8.","info@granitbank.hu","+3640100777"
"INCNHUHB","IC Bank Rt.","INCNHUHB","base.hu",1088,"Budapest","Rákóczi  út 1-3."," level@bancopopolare.hu ","+3640200515",
"INGBHUHB","ING Bank N.V. Magyarországi Fióktelepe","INGBHUHB","base.hu",1068,"Budapest","Dózsa György  út 84.","communications.hu@ingbank.com","+362680140"
"OKHBHUHB","K&H Bank Zrt.","OKHBHUHB","base.hu",1095,"Budapest","Lechner Ödön fasor 9."," bank@kh.hu ","+3613289000"
"HBWEHUHB","MagNet Magyar Közösségi Bank Zrt.","HBWEHUHB","base.hu",1062,"Budapest","Andrássy utca 98.","info@magnetbank.hu","+3614288888"
"MANEHUHB","Magyar Nemzeti Bank","MANEHUHB","base.hu",1054,"Budapest","Szabadság tér 8-9.","info@mnb.hu","+3614282600"
"MKKBHUHB","MKB Bank Zrt.","MKKBHUHB","base.hu",1056,"Budapest","Váci utca 38.","telebankar@mkb.hu","+3613278600"
"OTPVHUHB","OTP Bank Nyrt.","OTPVHUHB","base.hu",1051,"Budapest","Nádor utca 16.",,"+3614735000"
"UBRTHUHB","RAIFFEISEN Bank Zrt.","UBRTHUHB","base.hu",1054,"Budapest","Akadémia utca 6.","+3640484848",
"MAVOHUHB","Sberbank Magyarország Zrt.","MAVOHUHB","base.hu",1088,"Budapest","Rákóczi  út 7.","info@sberbank.hu","+3614114200"
"TAKBHUHB","TakarékBank Zrt.","TAKBHUHB","base.hu",1122,"Budapest","Pethényi  köz 10.","info@tbank.hu"
"BACXHUHB","UniCredit Bank Hungary Zrt.","BACXHUHB","base.hu",1054,"Budapest","Szabadság tér 5-6.","info@unicreditgroup.hu","+3613011271"
