<?xml version="1.0" encoding="utf-8"?>
<odoo>
    <data noupdate="1">

        <record id="payment.payment_acquirer_authorize" model="payment.acquirer">
            <field name="name">Authorize.Net</field>
            <field name="image_128" type="base64" file="payment_authorize/static/src/img/authorize_icon.png"/>
            <field name="provider">authorize</field>
            <field name="company_id" ref="base.main_company"/>
            <field name="view_template_id" ref="authorize_form"/>
            <field name="registration_view_template_id" ref="authorize_s2s_form"/>
        </record>

    </data>
</odoo>
