<?xml version="1.0" encoding="utf-8"?>
<odoo>
    <data noupdate="1">
        <!-- Leave specific activities -->
        <record id="mail_act_leave_approval" model="mail.activity.type">
            <field name="name">Time Off Approval</field>
            <field name="icon">fa-sun-o</field>
            <field name="res_model_id" ref="hr_holidays.model_hr_leave"/>
        </record>
        <record id="mail_act_leave_second_approval" model="mail.activity.type">
            <field name="name">Time Off Second Approve</field>
            <field name="icon">fa-sun-o</field>
            <field name="res_model_id" ref="hr_holidays.model_hr_leave"/>
        </record>

        <!-- Leave specific activities -->
        <record id="mail_act_leave_allocation_approval" model="mail.activity.type">
            <field name="name">Allocation Approval</field>
            <field name="icon">fa-sun-o</field>
            <field name="res_model_id" ref="hr_holidays.model_hr_leave_allocation"/>
        </record>
        <record id="mail_act_leave_allocation_second_approval" model="mail.activity.type">
            <field name="name">Allocation Second Approve</field>
            <field name="icon">fa-sun-o</field>
            <field name="res_model_id" ref="hr_holidays.model_hr_leave_allocation"/>
        </record>

        <!-- Holidays-related subtypes for messaging / Chatter -->
        <record id="mt_leave" model="mail.message.subtype">
            <field name="name">Time Off</field>
            <field name="res_model">hr.leave</field>
            <field name="description">Time Off Request</field>
        </record>
        <record id="mt_leave_home_working" model="mail.message.subtype">
            <field name="name">Home Working</field>
            <field name="res_model">hr.leave</field>
            <field name="description">Home Working</field>
        </record>
        <record id="mt_leave_sick" model="mail.message.subtype">
            <field name="name">Sick Time Off</field>
            <field name="res_model">hr.leave</field>
            <field name="description">Sick Time Off</field>
        </record>
        <record id="mt_leave_unpaid" model="mail.message.subtype">
            <field name="name">Unpaid Time Off</field>
            <field name="res_model">hr.leave</field>
            <field name="description">Unpaid Time Off</field>
        </record>

        <!-- Allocation-related subtypes for messaging / Chatter -->
        <record id="mt_leave_allocation" model="mail.message.subtype">
            <field name="name">Allocation</field>
            <field name="res_model">hr.leave.allocation</field>
            <field name="description">Allocation Request</field>
        </record>
    </data>
</odoo>
